"","Package","LibPath","Version","Priority","Depends","Imports","LinkingTo","Suggests","Enhances","License","License_is_FOSS","License_restricts_use","OS_type","MD5sum","NeedsCompilation","Built"
"arrow","arrow","/Users/carlos/Documents/IDE3/IDE3/renv/library/R-4.2/aarch64-apple-darwin20","10.0.1",NA,"R (>= 3.4)","assertthat, bit64 (>= 0.9-7), glue, methods, purrr, R6, rlang,
stats, tidyselect (>= 1.0.0), utils, vctrs","cpp11 (>= 0.4.2)","blob, cli, DBI, dbplyr, decor, distro, dplyr, duckdb (>=
0.2.8), hms, knitr, lubridate, pillar, pkgload, reticulate,
rmarkdown, stringi, stringr, sys, testthat (>= 3.1.0), tibble,
tzdb, withr",NA,"Apache License (>= 2.0)",NA,NA,NA,NA,"yes","4.2.0"
"askpass","askpass","/Users/carlos/Documents/IDE3/IDE3/renv/library/R-4.2/aarch64-apple-darwin20","1.1",NA,NA,"sys (>= 2.1)",NA,"testthat",NA,"MIT + file LICENSE",NA,NA,NA,NA,"yes","4.2.0"
"assertthat","assertthat","/Users/carlos/Documents/IDE3/IDE3/renv/library/R-4.2/aarch64-apple-darwin20","0.2.1",NA,NA,"tools",NA,"testthat, covr",NA,"GPL-3",NA,NA,NA,NA,"no","4.2.0"
"babynames","babynames","/Users/carlos/Documents/IDE3/IDE3/renv/library/R-4.2/aarch64-apple-darwin20","1.0.1",NA,"R (>= 2.10)","tibble",NA,"testthat (>= 3.0.0)",NA,"CC0",NA,NA,NA,NA,"no","4.2.0"
"backports","backports","/Users/carlos/Documents/IDE3/IDE3/renv/library/R-4.2/aarch64-apple-darwin20","1.4.1",NA,"R (>= 3.0.0)",NA,NA,NA,NA,"GPL-2 | GPL-3",NA,NA,NA,NA,"yes","4.2.0"
"base64enc","base64enc","/Users/carlos/Documents/IDE3/IDE3/renv/library/R-4.2/aarch64-apple-darwin20","0.1-3",NA,"R (>= 2.9.0)",NA,NA,NA,"png","GPL-2 | GPL-3",NA,NA,NA,NA,"yes","4.2.0"
"bit","bit","/Users/carlos/Documents/IDE3/IDE3/renv/library/R-4.2/aarch64-apple-darwin20","4.0.5",NA,"R (>= 2.9.2)",NA,NA,"testthat (>= 0.11.0), roxygen2, knitr, rmarkdown,
microbenchmark, bit64 (>= 4.0.0), ff (>= 4.0.0)",NA,"GPL-2 | GPL-3",NA,NA,NA,NA,"yes","4.2.0"
"bit64","bit64","/Users/carlos/Documents/IDE3/IDE3/renv/library/R-4.2/aarch64-apple-darwin20","4.0.5",NA,"R (>= 3.0.1), bit (>= 4.0.0), utils, methods, stats",NA,NA,NA,NA,"GPL-2 | GPL-3",NA,NA,NA,NA,"yes","4.2.0"
"blob","blob","/Users/carlos/Documents/IDE3/IDE3/renv/library/R-4.2/aarch64-apple-darwin20","1.2.3",NA,NA,"methods, rlang, vctrs (>= 0.2.1)",NA,"covr, crayon, pillar (>= 1.2.1), testthat",NA,"MIT + file LICENSE",NA,NA,NA,NA,"no","4.2.0"
"broom","broom","/Users/carlos/Documents/IDE3/IDE3/renv/library/R-4.2/aarch64-apple-darwin20","1.0.3",NA,"R (>= 3.1)","backports, dplyr (>= 1.0.0), ellipsis, generics (>= 0.0.2),
glue, purrr, rlang, stringr, tibble (>= 3.0.0), tidyr (>=
1.0.0)",NA,"AER, AUC, bbmle, betareg, biglm, binGroup, boot, btergm (>=
1.10.6), car, carData, caret, cluster, cmprsk, coda, covr, drc,
e1071, emmeans, epiR, ergm (>= 3.10.4), fixest (>= 0.9.0), gam
(>= 1.15), gee, geepack, ggplot2, glmnet, glmnetUtils, gmm,
Hmisc, irlba, interp, joineRML, Kendall, knitr, ks, Lahman,
lavaan, leaps, lfe, lm.beta, lme4, lmodel2, lmtest (>= 0.9.38),
lsmeans, maps, maptools, margins, MASS, mclust, mediation,
metafor, mfx, mgcv, mlogit, modeldata, modeltests, muhaz,
multcomp, network, nnet, orcutt (>= 2.2), ordinal, plm, poLCA,
psych, quantreg, rgeos, rmarkdown, robust, robustbase, rsample,
sandwich, sp, spdep (>= 1.1), spatialreg, speedglm, spelling,
survey, survival, systemfit, testthat (>= 2.1.0), tseries,
vars, zoo",NA,"MIT + file LICENSE",NA,NA,NA,NA,"no","4.2.0"
"bslib","bslib","/Users/carlos/Documents/IDE3/IDE3/renv/library/R-4.2/aarch64-apple-darwin20","0.4.2",NA,"R (>= 2.10)","grDevices, htmltools (>= 0.5.4), jsonlite, sass (>= 0.4.0),
jquerylib (>= 0.1.3), rlang, cachem, memoise (>= 2.0.1),
base64enc, mime",NA,"shiny (>= 1.6.0), rmarkdown (>= 2.7), thematic, knitr,
testthat, withr, rappdirs, curl, magrittr, fontawesome, bsicons",NA,"MIT + file LICENSE",NA,NA,NA,NA,"no","4.2.0"
"cachem","cachem","/Users/carlos/Documents/IDE3/IDE3/renv/library/R-4.2/aarch64-apple-darwin20","1.0.6",NA,NA,"rlang, fastmap",NA,"testthat",NA,"MIT + file LICENSE",NA,NA,NA,NA,"yes","4.2.0"
"callr","callr","/Users/carlos/Documents/IDE3/IDE3/renv/library/R-4.2/aarch64-apple-darwin20","3.7.3",NA,"R (>= 3.4)","processx (>= 3.6.1), R6, utils",NA,"asciicast, cli (>= 1.1.0), covr, mockery, ps, rprojroot,
spelling, testthat (>= 3.0.0), withr (>= 2.3.0)",NA,"MIT + file LICENSE",NA,NA,NA,NA,"no","4.2.0"
"cellranger","cellranger","/Users/carlos/Documents/IDE3/IDE3/renv/library/R-4.2/aarch64-apple-darwin20","1.1.0",NA,"R (>= 3.0.0)","rematch, tibble",NA,"covr, testthat (>= 1.0.0), knitr, rmarkdown",NA,"MIT + file LICENSE",NA,NA,NA,NA,"no","4.2.0"
"cli","cli","/Users/carlos/Documents/IDE3/IDE3/renv/library/R-4.2/aarch64-apple-darwin20","3.6.0",NA,"R (>= 3.4)","utils",NA,"callr, covr, crayon, digest, glue (>= 1.6.0), grDevices,
htmltools, htmlwidgets, knitr, methods, mockery, processx, ps
(>= 1.3.4.9000), rlang (>= 1.0.2.9003), rmarkdown, rprojroot,
rstudioapi, testthat, tibble, whoami, withr",NA,"MIT + file LICENSE",NA,NA,NA,NA,"yes","4.2.0"
"clipr","clipr","/Users/carlos/Documents/IDE3/IDE3/renv/library/R-4.2/aarch64-apple-darwin20","0.8.0",NA,NA,"utils",NA,"covr, knitr, rmarkdown, rstudioapi (>= 0.5), testthat (>=
2.0.0)",NA,"GPL-3",NA,NA,NA,NA,"no","4.2.0"
"colorspace","colorspace","/Users/carlos/Documents/IDE3/IDE3/renv/library/R-4.2/aarch64-apple-darwin20","2.1-0",NA,"R (>= 3.0.0), methods","graphics, grDevices, stats",NA,"datasets, utils, KernSmooth, MASS, kernlab, mvtnorm, vcd,
tcltk, shiny, shinyjs, ggplot2, dplyr, scales, grid, png, jpeg,
knitr, rmarkdown, RColorBrewer, rcartocolor, scico, viridis,
wesanderson",NA,"BSD_3_clause + file LICENSE",NA,NA,NA,NA,"yes","4.2.0"
"cpp11","cpp11","/Users/carlos/Documents/IDE3/IDE3/renv/library/R-4.2/aarch64-apple-darwin20","0.4.3",NA,NA,NA,NA,"bench, brio, callr, cli, covr, decor, desc, ggplot2, glue,
knitr, lobstr, mockery, progress, rmarkdown, scales, Rcpp,
testthat, tibble, utils, vctrs, withr",NA,"MIT + file LICENSE",NA,NA,NA,NA,"no","4.2.0"
"crayon","crayon","/Users/carlos/Documents/IDE3/IDE3/renv/library/R-4.2/aarch64-apple-darwin20","1.5.2",NA,NA,"grDevices, methods, utils",NA,"mockery, rstudioapi, testthat, withr",NA,"MIT + file LICENSE",NA,NA,NA,NA,"no","4.2.0"
"credentials","credentials","/Users/carlos/Documents/IDE3/IDE3/renv/library/R-4.2/aarch64-apple-darwin20","1.3.2",NA,NA,"openssl (>= 1.3), sys (>= 2.1), curl, jsonlite, askpass",NA,"testthat, knitr, rmarkdown",NA,"MIT + file LICENSE",NA,NA,NA,NA,"no","4.2.0"
"curl","curl","/Users/carlos/Documents/IDE3/IDE3/renv/library/R-4.2/aarch64-apple-darwin20","5.0.0",NA,"R (>= 3.0.0)",NA,NA,"spelling, testthat (>= 1.0.0), knitr, jsonlite, rmarkdown,
magrittr, httpuv (>= 1.4.4), webutils",NA,"MIT + file LICENSE",NA,NA,NA,NA,"yes","4.2.0"
"data.table","data.table","/Users/carlos/Documents/IDE3/IDE3/renv/library/R-4.2/aarch64-apple-darwin20","1.14.6",NA,"R (>= 3.1.0)","methods",NA,"bit64 (>= 4.0.0), bit (>= 4.0.4), curl, R.utils, xts,
nanotime, zoo (>= 1.8-1), yaml, knitr, rmarkdown",NA,"MPL-2.0 | file LICENSE",NA,NA,NA,NA,"yes","4.2.0"
"DBI","DBI","/Users/carlos/Documents/IDE3/IDE3/renv/library/R-4.2/aarch64-apple-darwin20","1.1.3",NA,"methods, R (>= 3.0.0)",NA,NA,"blob, covr, DBItest, dbplyr, downlit, dplyr, glue, hms,
knitr, magrittr, RMariaDB, rmarkdown, rprojroot, RSQLite (>=
1.1-2), testthat, xml2",NA,"LGPL (>= 2.1)",NA,NA,NA,NA,"no","4.2.0"
"dbplyr","dbplyr","/Users/carlos/Documents/IDE3/IDE3/renv/library/R-4.2/aarch64-apple-darwin20","2.3.0",NA,"R (>= 3.1)","assertthat (>= 0.2.0), blob (>= 1.2.0), cli (>= 3.4.1), DBI
(>= 1.0.0), dplyr (>= 1.0.10), glue (>= 1.2.0), lifecycle (>=
1.0.3), magrittr, methods, pillar (>= 1.5.0), purrr (>= 1.0.1),
R6 (>= 2.2.2), rlang (>= 1.0.6), tibble (>= 1.4.2), tidyselect
(>= 1.2.0), utils, vctrs (>= 0.5.0), withr",NA,"bit64, covr, knitr, Lahman, nycflights13, odbc, RMariaDB (>=
1.0.2), rmarkdown, RPostgres (>= 1.1.3), RPostgreSQL, RSQLite
(>= 2.1.0), testthat (>= 3.0.2), tidyr (>= 1.2.0)",NA,"MIT + file LICENSE",NA,NA,NA,NA,"no","4.2.0"
"desc","desc","/Users/carlos/Documents/IDE3/IDE3/renv/library/R-4.2/aarch64-apple-darwin20","1.4.2",NA,"R (>= 3.4)","cli, R6, rprojroot, utils",NA,"callr, covr, gh, spelling, testthat, whoami, withr",NA,"MIT + file LICENSE",NA,NA,NA,NA,"no","4.2.0"
"digest","digest","/Users/carlos/Documents/IDE3/IDE3/renv/library/R-4.2/aarch64-apple-darwin20","0.6.31",NA,"R (>= 3.3.0)","utils",NA,"tinytest, simplermarkdown",NA,"GPL (>= 2)",NA,NA,NA,NA,"yes","4.2.0"
"dplyr","dplyr","/Users/carlos/Documents/IDE3/IDE3/renv/library/R-4.2/aarch64-apple-darwin20","1.0.10",NA,"R (>= 3.4.0)","generics, glue (>= 1.3.2), lifecycle (>= 1.0.1), magrittr (>=
1.5), methods, R6, rlang (>= 1.0.2), tibble (>= 2.1.3),
tidyselect (>= 1.1.1), utils, vctrs (>= 0.4.1), pillar (>=
1.5.1)",NA,"bench, broom, callr, covr, DBI, dbplyr (>= 1.4.3), ggplot2,
knitr, Lahman, lobstr, microbenchmark, nycflights13, purrr,
rmarkdown, RMySQL, RPostgreSQL, RSQLite, testthat (>= 3.1.1),
tidyr, withr",NA,"MIT + file LICENSE",NA,NA,NA,NA,"yes","4.2.0"
"dtplyr","dtplyr","/Users/carlos/Documents/IDE3/IDE3/renv/library/R-4.2/aarch64-apple-darwin20","1.2.2",NA,"R (>= 3.3)","crayon, data.table (>= 1.13.0), dplyr (>= 1.0.3), ellipsis,
glue, lifecycle, rlang, tibble, tidyselect, vctrs",NA,"bench, covr, knitr, rmarkdown, testthat (>= 3.0.0), tidyr (>=
1.1.0)",NA,"MIT + file LICENSE",NA,NA,NA,NA,"no","4.2.0"
"ellipsis","ellipsis","/Users/carlos/Documents/IDE3/IDE3/renv/library/R-4.2/aarch64-apple-darwin20","0.3.2",NA,"R (>= 3.2)","rlang (>= 0.3.0)",NA,"covr, testthat",NA,"MIT + file LICENSE",NA,NA,NA,NA,"yes","4.2.0"
"evaluate","evaluate","/Users/carlos/Documents/IDE3/IDE3/renv/library/R-4.2/aarch64-apple-darwin20","0.20",NA,"R (>= 3.0.2)","methods",NA,"covr, ggplot2, lattice, testthat",NA,"MIT + file LICENSE",NA,NA,NA,NA,"no","4.2.0"
"fansi","fansi","/Users/carlos/Documents/IDE3/IDE3/renv/library/R-4.2/aarch64-apple-darwin20","1.0.4",NA,"R (>= 3.1.0)","grDevices, utils",NA,"unitizer, knitr, rmarkdown",NA,"GPL-2 | GPL-3",NA,NA,NA,NA,"yes","4.2.0"
"farver","farver","/Users/carlos/Documents/IDE3/IDE3/renv/library/R-4.2/aarch64-apple-darwin20","2.1.1",NA,NA,NA,NA,"covr, testthat (>= 3.0.0)",NA,"MIT + file LICENSE",NA,NA,NA,NA,"yes","4.2.0"
"fastmap","fastmap","/Users/carlos/Documents/IDE3/IDE3/renv/library/R-4.2/aarch64-apple-darwin20","1.1.0",NA,NA,NA,NA,"testthat (>= 2.1.1)",NA,"MIT + file LICENSE",NA,NA,NA,NA,"yes","4.2.0"
"forcats","forcats","/Users/carlos/Documents/IDE3/IDE3/renv/library/R-4.2/aarch64-apple-darwin20","0.5.2",NA,"R (>= 3.4)","cli, ellipsis, glue, lifecycle, magrittr, rlang (>= 1.0.0),
tibble, withr",NA,"covr, dplyr, ggplot2, knitr, readr, rmarkdown, testthat (>=
3.0.0)",NA,"MIT + file LICENSE",NA,NA,NA,NA,"no","4.2.0"
"fs","fs","/Users/carlos/Documents/IDE3/IDE3/renv/library/R-4.2/aarch64-apple-darwin20","1.6.0",NA,"R (>= 3.4)","methods",NA,"covr, crayon, knitr, pillar (>= 1.0.0), rmarkdown, spelling,
testthat (>= 3.0.0), tibble (>= 1.1.0), vctrs (>= 0.3.0), withr",NA,"MIT + file LICENSE",NA,NA,NA,NA,"yes","4.2.0"
"gapminder","gapminder","/Users/carlos/Documents/IDE3/IDE3/renv/library/R-4.2/aarch64-apple-darwin20","0.3.0",NA,"R (>= 3.1.0)","tibble",NA,"dplyr, ggplot2, testthat",NA,"CC0",NA,NA,NA,NA,"no","4.2.0"
"gargle","gargle","/Users/carlos/Documents/IDE3/IDE3/renv/library/R-4.2/aarch64-apple-darwin20","1.2.1",NA,"R (>= 3.5)","cli (>= 3.0.0), fs (>= 1.3.1), glue (>= 1.3.0), httr (>=
1.4.0), jsonlite, rappdirs, rlang (>= 1.0.0), rstudioapi,
stats, utils, withr",NA,"aws.ec2metadata, aws.signature, covr, httpuv, knitr, mockr,
rmarkdown, sodium, spelling, testthat (>= 3.1.2)",NA,"MIT + file LICENSE",NA,NA,NA,NA,"no","4.2.0"
"generics","generics","/Users/carlos/Documents/IDE3/IDE3/renv/library/R-4.2/aarch64-apple-darwin20","0.1.3",NA,"R (>= 3.2)","methods",NA,"covr, pkgload, testthat (>= 3.0.0), tibble, withr",NA,"MIT + file LICENSE",NA,NA,NA,NA,"no","4.2.0"
"gert","gert","/Users/carlos/Documents/IDE3/IDE3/renv/library/R-4.2/aarch64-apple-darwin20","1.9.2",NA,NA,"askpass, credentials (>= 1.2.1), openssl (>= 2.0.3),
rstudioapi (>= 0.11), sys, zip (>= 2.1.0)",NA,"spelling, knitr, rmarkdown, testthat",NA,"MIT + file LICENSE",NA,NA,NA,NA,"yes","4.2.0"
"ggplot2","ggplot2","/Users/carlos/Documents/IDE3/IDE3/renv/library/R-4.2/aarch64-apple-darwin20","3.4.0",NA,"R (>= 3.3)","cli, glue, grDevices, grid, gtable (>= 0.1.1), isoband,
lifecycle (> 1.0.1), MASS, mgcv, rlang (>= 1.0.0), scales (>=
1.2.0), stats, tibble, vctrs (>= 0.5.0), withr (>= 2.5.0)",NA,"covr, dplyr, ggplot2movies, hexbin, Hmisc, knitr, lattice,
mapproj, maps, maptools, multcomp, munsell, nlme, profvis,
quantreg, ragg, RColorBrewer, rgeos, rmarkdown, rpart, sf (>=
0.7-3), svglite (>= 1.2.0.9001), testthat (>= 3.1.2), vdiffr
(>= 1.0.0), xml2","sp","MIT + file LICENSE",NA,NA,NA,NA,"no","4.2.0"
"ggrepel","ggrepel","/Users/carlos/Documents/IDE3/IDE3/renv/library/R-4.2/aarch64-apple-darwin20","0.9.2",NA,"R (>= 3.0.0), ggplot2 (>= 2.2.0)","grid, Rcpp, rlang (>= 0.3.0), scales (>= 0.5.0)","Rcpp","knitr, rmarkdown, testthat, svglite, vdiffr, gridExtra,
devtools, prettydoc, ggbeeswarm, dplyr, magrittr, readr,
stringr, withr",NA,"GPL-3 | file LICENSE",NA,NA,NA,NA,"yes","4.2.0"
"ggridges","ggridges","/Users/carlos/Documents/IDE3/IDE3/renv/library/R-4.2/aarch64-apple-darwin20","0.5.4",NA,"R (>= 3.2)","ggplot2 (>= 3.0.0), grid (>= 3.0.0), scales (>= 0.4.1), withr
(>= 2.1.1)",NA,"covr, dplyr, patchwork, ggplot2movies, forcats, knitr,
rmarkdown, testthat, vdiffr",NA,"GPL-2 | file LICENSE",NA,NA,NA,NA,"no","4.2.0"
"gh","gh","/Users/carlos/Documents/IDE3/IDE3/renv/library/R-4.2/aarch64-apple-darwin20","1.3.1",NA,"R (>= 3.4)","cli (>= 3.0.1), gitcreds, httr (>= 1.2), ini, jsonlite",NA,"covr, knitr, mockery, rmarkdown, rprojroot, spelling,
testthat (>= 3.0.0), withr",NA,"MIT + file LICENSE",NA,NA,NA,NA,"no","4.2.0"
"gitcreds","gitcreds","/Users/carlos/Documents/IDE3/IDE3/renv/library/R-4.2/aarch64-apple-darwin20","0.1.2",NA,"R (>= 3.4)",NA,NA,"codetools, covr, knitr, mockery, oskeyring, rmarkdown,
testthat (>= 3.0.0), withr",NA,"MIT + file LICENSE",NA,NA,NA,NA,"no","4.2.0"
"glue","glue","/Users/carlos/Documents/IDE3/IDE3/renv/library/R-4.2/aarch64-apple-darwin20","1.6.2",NA,"R (>= 3.4)","methods",NA,"covr, crayon, DBI, dplyr, forcats, ggplot2, knitr, magrittr,
microbenchmark, R.utils, rmarkdown, rprintf, RSQLite, stringr,
testthat (>= 3.0.0), vctrs (>= 0.3.0), waldo (>= 0.3.0), withr",NA,"MIT + file LICENSE",NA,NA,NA,NA,"yes","4.2.0"
"googledrive","googledrive","/Users/carlos/Documents/IDE3/IDE3/renv/library/R-4.2/aarch64-apple-darwin20","2.0.0",NA,"R (>= 3.3)","cli (>= 3.0.0), gargle (>= 1.2.0), glue (>= 1.4.2), httr,
jsonlite, lifecycle, magrittr, pillar, purrr (>= 0.2.3), rlang
(>= 0.4.9), tibble (>= 2.0.0), utils, uuid, vctrs (>= 0.3.0),
withr",NA,"covr, curl, downlit, dplyr (>= 1.0.0), knitr, mockr,
rmarkdown, roxygen2, sodium, spelling, testthat (>= 3.0.0)",NA,"MIT + file LICENSE",NA,NA,NA,NA,"no","4.2.0"
"googlesheets4","googlesheets4","/Users/carlos/Documents/IDE3/IDE3/renv/library/R-4.2/aarch64-apple-darwin20","1.0.1",NA,"R (>= 3.4)","cellranger, cli (>= 3.0.0), curl, gargle (>= 1.2.0), glue (>=
1.3.0), googledrive (>= 2.0.0), httr, ids, magrittr, methods,
purrr, rematch2, rlang (>= 1.0.2), tibble (>= 2.1.1), utils,
vctrs (>= 0.2.3)",NA,"covr, readr, rmarkdown, sodium, spelling, testthat (>=
3.1.3), withr",NA,"MIT + file LICENSE",NA,NA,NA,NA,"no","4.2.0"
"gtable","gtable","/Users/carlos/Documents/IDE3/IDE3/renv/library/R-4.2/aarch64-apple-darwin20","0.3.1",NA,"R (>= 3.0)","grid",NA,"covr, testthat, knitr, rmarkdown, ggplot2, profvis",NA,"MIT + file LICENSE",NA,NA,NA,NA,"no","4.2.0"
"haven","haven","/Users/carlos/Documents/IDE3/IDE3/renv/library/R-4.2/aarch64-apple-darwin20","2.5.1",NA,"R (>= 3.4)","cli (>= 3.0.0), forcats (>= 0.2.0), hms, lifecycle, methods,
readr (>= 0.1.0), rlang (>= 0.4.0), tibble, tidyselect, vctrs
(>= 0.3.0)","cpp11","covr, crayon, fs, knitr, pillar (>= 1.4.0), rmarkdown,
testthat (>= 3.0.0)",NA,"MIT + file LICENSE",NA,NA,NA,NA,"yes","4.2.0"
"hexbin","hexbin","/Users/carlos/Documents/IDE3/IDE3/renv/library/R-4.2/aarch64-apple-darwin20","1.28.2",NA,"R (>= 2.0.1), methods","lattice, grid, graphics, grDevices, stats, utils",NA,"marray, affy, Biobase, limma, knitr",NA,"GPL-2",NA,NA,NA,NA,"yes","4.2.0"
"highr","highr","/Users/carlos/Documents/IDE3/IDE3/renv/library/R-4.2/aarch64-apple-darwin20","0.10",NA,"R (>= 3.3.0)","xfun (>= 0.18)",NA,"knitr, markdown, testit",NA,"GPL",NA,NA,NA,NA,"no","4.2.0"
"hms","hms","/Users/carlos/Documents/IDE3/IDE3/renv/library/R-4.2/aarch64-apple-darwin20","1.1.2",NA,NA,"ellipsis (>= 0.3.2), lifecycle, methods, pkgconfig, rlang,
vctrs (>= 0.3.8)",NA,"crayon, lubridate, pillar (>= 1.1.0), testthat (>= 3.0.0)",NA,"MIT + file LICENSE",NA,NA,NA,NA,"no","4.2.0"
"htmltools","htmltools","/Users/carlos/Documents/IDE3/IDE3/renv/library/R-4.2/aarch64-apple-darwin20","0.5.4",NA,"R (>= 2.14.1)","utils, digest, grDevices, base64enc, rlang (>= 0.4.10),
fastmap (>= 1.1.0), ellipsis",NA,"markdown, testthat, withr, Cairo, ragg, shiny","knitr","GPL (>= 2)",NA,NA,NA,NA,"yes","4.2.0"
"httr","httr","/Users/carlos/Documents/IDE3/IDE3/renv/library/R-4.2/aarch64-apple-darwin20","1.4.4",NA,"R (>= 3.2)","curl (>= 3.0.0), jsonlite, mime, openssl (>= 0.8), R6",NA,"covr, httpuv, jpeg, knitr, png, readr, rmarkdown, testthat
(>= 0.8.0), xml2",NA,"MIT + file LICENSE",NA,NA,NA,NA,"no","4.2.0"
"ids","ids","/Users/carlos/Documents/IDE3/IDE3/renv/library/R-4.2/aarch64-apple-darwin20","1.0.1",NA,NA,"openssl, uuid",NA,"knitr, rcorpora, rmarkdown, testthat",NA,"MIT + file LICENSE",NA,NA,NA,NA,"no","4.2.0"
"ini","ini","/Users/carlos/Documents/IDE3/IDE3/renv/library/R-4.2/aarch64-apple-darwin20","0.3.1",NA,NA,NA,NA,"testthat",NA,"GPL-3",NA,NA,NA,NA,"no","4.2.0"
"isoband","isoband","/Users/carlos/Documents/IDE3/IDE3/renv/library/R-4.2/aarch64-apple-darwin20","0.2.7",NA,NA,"grid, utils",NA,"covr, ggplot2, knitr, magick, microbenchmark, rmarkdown, sf,
testthat, xml2",NA,"MIT + file LICENSE",NA,NA,NA,NA,"yes","4.2.0"
"janitor","janitor","/Users/carlos/Documents/IDE3/IDE3/renv/library/R-4.2/aarch64-apple-darwin20","2.1.0",NA,"R (>= 3.1.2)","dplyr (>= 1.0.0), lifecycle, lubridate, magrittr, purrr,
rlang, stringi, stringr, snakecase (>= 0.9.2), tidyselect (>=
1.0.0), tidyr (>= 0.7.0)",NA,"knitr, rmarkdown, sf, testthat, tibble, tidygraph",NA,"MIT + file LICENSE",NA,NA,NA,NA,"no","4.2.0"
"jquerylib","jquerylib","/Users/carlos/Documents/IDE3/IDE3/renv/library/R-4.2/aarch64-apple-darwin20","0.1.4",NA,NA,"htmltools",NA,"testthat",NA,"MIT + file LICENSE",NA,NA,NA,NA,"no","4.2.0"
"jsonlite","jsonlite","/Users/carlos/Documents/IDE3/IDE3/renv/library/R-4.2/aarch64-apple-darwin20","1.8.4",NA,"methods",NA,NA,"httr, vctrs, testthat, knitr, rmarkdown, R.rsp, sf",NA,"MIT + file LICENSE",NA,NA,NA,NA,"yes","4.2.0"
"knitr","knitr","/Users/carlos/Documents/IDE3/IDE3/renv/library/R-4.2/aarch64-apple-darwin20","1.42",NA,"R (>= 3.3.0)","evaluate (>= 0.15), highr, methods, yaml (>= 2.1.19), xfun (>=
0.34), tools",NA,"markdown (>= 1.3), formatR, testit, digest, rgl (>=
0.95.1201), codetools, rmarkdown, htmlwidgets (>= 0.7),
webshot, tikzDevice (>= 0.10), tinytex, reticulate (>= 1.4),
JuliaCall (>= 0.11.1), magick, png, jpeg, gifski, xml2 (>=
1.2.0), httr, DBI (>= 0.4-1), showtext, tibble, sass, bslib,
ragg, gridSVG, styler (>= 1.2.0), targets (>= 0.6.0)",NA,"GPL",NA,NA,NA,NA,"no","4.2.0"
"labeling","labeling","/Users/carlos/Documents/IDE3/IDE3/renv/library/R-4.2/aarch64-apple-darwin20","0.4.2",NA,NA,"stats, graphics",NA,NA,NA,"MIT + file LICENSE | Unlimited",NA,NA,NA,NA,"no","4.2.0"
"lifecycle","lifecycle","/Users/carlos/Documents/IDE3/IDE3/renv/library/R-4.2/aarch64-apple-darwin20","1.0.3",NA,"R (>= 3.4)","cli (>= 3.4.0), glue, rlang (>= 1.0.6)",NA,"covr, crayon, knitr, lintr, rmarkdown, testthat (>= 3.0.1),
tibble, tidyverse, tools, vctrs, withr",NA,"MIT + file LICENSE",NA,NA,NA,NA,"no","4.2.0"
"lubridate","lubridate","/Users/carlos/Documents/IDE3/IDE3/renv/library/R-4.2/aarch64-apple-darwin20","1.9.1",NA,"methods, R (>= 3.2)","generics, timechange (>= 0.1.1)",NA,"covr, knitr, rmarkdown, testthat (>= 2.1.0), vctrs (>= 0.5.0)","chron, data.table, timeDate, tis, zoo","GPL (>= 2)",NA,NA,NA,NA,"yes","4.2.0"
"magrittr","magrittr","/Users/carlos/Documents/IDE3/IDE3/renv/library/R-4.2/aarch64-apple-darwin20","2.0.3",NA,"R (>= 3.4.0)",NA,NA,"covr, knitr, rlang, rmarkdown, testthat",NA,"MIT + file LICENSE",NA,NA,NA,NA,"yes","4.2.0"
"memoise","memoise","/Users/carlos/Documents/IDE3/IDE3/renv/library/R-4.2/aarch64-apple-darwin20","2.0.1",NA,NA,"rlang (>= 0.4.10), cachem",NA,"digest, aws.s3, covr, googleAuthR, googleCloudStorageR, httr,
testthat",NA,"MIT + file LICENSE",NA,NA,NA,NA,"no","4.2.0"
"mime","mime","/Users/carlos/Documents/IDE3/IDE3/renv/library/R-4.2/aarch64-apple-darwin20","0.12",NA,NA,"tools",NA,NA,NA,"GPL",NA,NA,NA,NA,"yes","4.2.0"
"modelr","modelr","/Users/carlos/Documents/IDE3/IDE3/renv/library/R-4.2/aarch64-apple-darwin20","0.1.10",NA,"R (>= 3.2)","broom, magrittr, purrr (>= 0.2.2), rlang (>= 1.0.6), tibble,
tidyr (>= 0.8.0), tidyselect, vctrs",NA,"compiler, covr, ggplot2, testthat (>= 3.0.0)",NA,"GPL-3",NA,NA,NA,NA,"no","4.2.0"
"munsell","munsell","/Users/carlos/Documents/IDE3/IDE3/renv/library/R-4.2/aarch64-apple-darwin20","0.5.0",NA,NA,"colorspace, methods",NA,"ggplot2, testthat",NA,"MIT + file LICENSE",NA,NA,NA,NA,"no","4.2.0"
"nycflights13","nycflights13","/Users/carlos/Documents/IDE3/IDE3/renv/library/R-4.2/aarch64-apple-darwin20","1.0.2",NA,"R (>= 3.2)","tibble",NA,"dplyr",NA,"CC0",NA,NA,NA,NA,"no","4.2.0"
"openssl","openssl","/Users/carlos/Documents/IDE3/IDE3/renv/library/R-4.2/aarch64-apple-darwin20","2.0.5",NA,NA,"askpass",NA,"curl, testthat (>= 2.1.0), digest, knitr, rmarkdown,
jsonlite, jose, sodium",NA,"MIT + file LICENSE",NA,NA,NA,NA,"yes","4.2.0"
"palmerpenguins","palmerpenguins","/Users/carlos/Documents/IDE3/IDE3/renv/library/R-4.2/aarch64-apple-darwin20","0.1.1",NA,"R (>= 2.10)",NA,NA,"knitr, rmarkdown, tibble, ggplot2, dplyr, tidyr, recipes",NA,"CC0",NA,NA,NA,NA,"no","4.2.0"
"pillar","pillar","/Users/carlos/Documents/IDE3/IDE3/renv/library/R-4.2/aarch64-apple-darwin20","1.8.1",NA,NA,"cli (>= 2.3.0), fansi, glue, lifecycle, rlang (>= 1.0.2), utf8
(>= 1.1.0), utils, vctrs (>= 0.3.8)",NA,"bit64, debugme, DiagrammeR, dplyr, formattable, ggplot2,
knitr, lubridate, nanotime, nycflights13, palmerpenguins,
rmarkdown, scales, stringi, survival, testthat (>= 3.1.1),
tibble, units (>= 0.7.2), vdiffr, withr",NA,"MIT + file LICENSE",NA,NA,NA,NA,"no","4.2.0"
"pkgconfig","pkgconfig","/Users/carlos/Documents/IDE3/IDE3/renv/library/R-4.2/aarch64-apple-darwin20","2.0.3",NA,NA,"utils",NA,"covr, testthat, disposables (>= 1.0.3)",NA,"MIT + file LICENSE",NA,NA,NA,NA,"no","4.2.0"
"prettyunits","prettyunits","/Users/carlos/Documents/IDE3/IDE3/renv/library/R-4.2/aarch64-apple-darwin20","1.1.1",NA,NA,NA,NA,"codetools, covr, testthat",NA,"MIT + file LICENSE",NA,NA,NA,NA,"no","4.2.0"
"processx","processx","/Users/carlos/Documents/IDE3/IDE3/renv/library/R-4.2/aarch64-apple-darwin20","3.8.0",NA,"R (>= 3.4.0)","ps (>= 1.2.0), R6, utils",NA,"callr (>= 3.7.0), cli (>= 3.3.0), codetools, covr, curl,
debugme, parallel, rlang (>= 1.0.2), testthat (>= 3.0.0), withr",NA,"MIT + file LICENSE",NA,NA,NA,NA,"yes","4.2.0"
"progress","progress","/Users/carlos/Documents/IDE3/IDE3/renv/library/R-4.2/aarch64-apple-darwin20","1.2.2",NA,NA,"hms, prettyunits, R6, crayon",NA,"Rcpp, testthat, withr",NA,"MIT + file LICENSE",NA,NA,NA,NA,"no","4.2.0"
"ps","ps","/Users/carlos/Documents/IDE3/IDE3/renv/library/R-4.2/aarch64-apple-darwin20","1.7.2",NA,"R (>= 3.4)","utils",NA,"callr, covr, curl, pillar, pingr, processx (>= 3.1.0), R6,
rlang, testthat (>= 3.0.0),",NA,"MIT + file LICENSE",NA,NA,NA,NA,"yes","4.2.0"
"purrr","purrr","/Users/carlos/Documents/IDE3/IDE3/renv/library/R-4.2/aarch64-apple-darwin20","1.0.1",NA,"R (>= 3.4.0)","cli (>= 3.4.0), lifecycle (>= 1.0.3), magrittr (>= 1.5.0),
rlang (>= 0.4.10), vctrs (>= 0.5.0)","cli","covr, dplyr (>= 0.7.8), httr, knitr, lubridate, rmarkdown,
testthat (>= 3.0.0), tibble, tidyselect",NA,"MIT + file LICENSE",NA,NA,NA,NA,"yes","4.2.0"
"R.cache","R.cache","/Users/carlos/Documents/IDE3/IDE3/renv/library/R-4.2/aarch64-apple-darwin20","0.16.0",NA,"R (>= 2.14.0)","utils, R.methodsS3 (>= 1.8.1), R.oo (>= 1.24.0), R.utils (>=
2.10.1), digest (>= 0.6.13)",NA,NA,NA,"LGPL (>= 2.1)",NA,NA,NA,NA,"no","4.2.0"
"R.methodsS3","R.methodsS3","/Users/carlos/Documents/IDE3/IDE3/renv/library/R-4.2/aarch64-apple-darwin20","1.8.2",NA,"R (>= 2.13.0)","utils",NA,"codetools",NA,"LGPL (>= 2.1)",NA,NA,NA,NA,"no","4.2.0"
"R.oo","R.oo","/Users/carlos/Documents/IDE3/IDE3/renv/library/R-4.2/aarch64-apple-darwin20","1.25.0",NA,"R (>= 2.13.0), R.methodsS3 (>= 1.8.1)","methods, utils",NA,"tools",NA,"LGPL (>= 2.1)",NA,NA,NA,NA,"no","4.2.0"
"R.utils","R.utils","/Users/carlos/Documents/IDE3/IDE3/renv/library/R-4.2/aarch64-apple-darwin20","2.12.2",NA,"R (>= 2.14.0), R.oo","methods, utils, tools, R.methodsS3",NA,"datasets, digest (>= 0.6.10)",NA,"LGPL (>= 2.1)",NA,NA,NA,NA,"no","4.2.0"
"R6","R6","/Users/carlos/Documents/IDE3/IDE3/renv/library/R-4.2/aarch64-apple-darwin20","2.5.1",NA,"R (>= 3.0)",NA,NA,"testthat, pryr",NA,"MIT + file LICENSE",NA,NA,NA,NA,"no","4.2.0"
"rappdirs","rappdirs","/Users/carlos/Documents/IDE3/IDE3/renv/library/R-4.2/aarch64-apple-darwin20","0.3.3",NA,"R (>= 3.2)",NA,NA,"roxygen2, testthat (>= 3.0.0), covr, withr",NA,"MIT + file LICENSE",NA,NA,NA,NA,"yes","4.2.0"
"RColorBrewer","RColorBrewer","/Users/carlos/Documents/IDE3/IDE3/renv/library/R-4.2/aarch64-apple-darwin20","1.1-3",NA,"R (>= 2.0.0)",NA,NA,NA,NA,"Apache License 2.0",NA,NA,NA,NA,"no","4.2.0"
"Rcpp","Rcpp","/Users/carlos/Documents/IDE3/IDE3/renv/library/R-4.2/aarch64-apple-darwin20","1.0.10",NA,NA,"methods, utils",NA,"tinytest, inline, rbenchmark, pkgKitten (>= 0.1.2)",NA,"GPL (>= 2)",NA,NA,NA,NA,"yes","4.2.0"
"readr","readr","/Users/carlos/Documents/IDE3/IDE3/renv/library/R-4.2/aarch64-apple-darwin20","2.1.3",NA,"R (>= 3.4)","cli (>= 3.2.0), clipr, crayon, hms (>= 0.4.1), lifecycle (>=
0.2.0), methods, R6, rlang, tibble, utils, vroom (>= 1.6.0)","cpp11, tzdb (>= 0.1.1)","covr, curl, datasets, knitr, rmarkdown, spelling, stringi,
testthat (>= 3.1.2), tzdb (>= 0.1.1), waldo, withr, xml2",NA,"MIT + file LICENSE",NA,NA,NA,NA,"yes","4.2.0"
"readxl","readxl","/Users/carlos/Documents/IDE3/IDE3/renv/library/R-4.2/aarch64-apple-darwin20","1.4.1",NA,"R (>= 3.4)","cellranger, tibble (>= 2.0.1), utils","cpp11 (>= 0.4.0), progress","knitr, rmarkdown, testthat (>= 3.0.0)",NA,"MIT + file LICENSE",NA,NA,NA,NA,"yes","4.2.0"
"rematch","rematch","/Users/carlos/Documents/IDE3/IDE3/renv/library/R-4.2/aarch64-apple-darwin20","1.0.1",NA,NA,NA,NA,"covr, testthat",NA,"MIT + file LICENSE",NA,NA,NA,NA,"no","4.2.0"
"rematch2","rematch2","/Users/carlos/Documents/IDE3/IDE3/renv/library/R-4.2/aarch64-apple-darwin20","2.1.2",NA,NA,"tibble",NA,"covr, testthat",NA,"MIT + file LICENSE",NA,NA,NA,NA,"no","4.2.0"
"renv","renv","/Users/carlos/Documents/IDE3/IDE3/renv/library/R-4.2/aarch64-apple-darwin20","0.16.0",NA,NA,"utils",NA,"BiocManager, cli, covr, devtools, jsonlite, knitr, miniUI,
packrat, pak, R6, remotes, reticulate, rmarkdown, rstudioapi,
shiny, testthat, uuid, yaml",NA,"MIT + file LICENSE",NA,NA,NA,NA,"no","4.2.0"
"reprex","reprex","/Users/carlos/Documents/IDE3/IDE3/renv/library/R-4.2/aarch64-apple-darwin20","2.0.2",NA,"R (>= 3.4)","callr (>= 3.6.0), cli (>= 3.2.0), clipr (>= 0.4.0), fs, glue,
knitr (>= 1.23), lifecycle, rlang (>= 1.0.0), rmarkdown,
rstudioapi, utils, withr (>= 2.3.0)",NA,"covr, fortunes, miniUI, mockr, rprojroot, sessioninfo, shiny,
spelling, styler (>= 1.2.0), testthat (>= 3.0.2)",NA,"MIT + file LICENSE",NA,NA,NA,NA,"no","4.2.0"
"rlang","rlang","/Users/carlos/Documents/IDE3/IDE3/renv/library/R-4.2/aarch64-apple-darwin20","1.0.6",NA,"R (>= 3.4.0)","utils",NA,"cli (>= 3.1.0), covr, crayon, fs, glue, knitr, magrittr,
methods, pillar, rmarkdown, stats, testthat (>= 3.0.0), tibble,
usethis, vctrs (>= 0.2.3), withr","winch","MIT + file LICENSE",NA,NA,NA,NA,"yes","4.2.0"
"rmarkdown","rmarkdown","/Users/carlos/Documents/IDE3/IDE3/renv/library/R-4.2/aarch64-apple-darwin20","2.20",NA,"R (>= 3.0)","bslib (>= 0.2.5.1), evaluate (>= 0.13), htmltools (>= 0.5.1),
jquerylib, jsonlite, knitr (>= 1.22), methods, stringr (>=
1.2.0), tinytex (>= 0.31), tools, utils, xfun (>= 0.36), yaml
(>= 2.1.19)",NA,"digest, dygraphs, fs, rsconnect, downlit (>= 0.4.0), katex
(>= 1.4.0), sass (>= 0.4.0), shiny (>= 1.6.0), testthat (>=
3.0.3), tibble, vctrs, withr (>= 2.4.2)",NA,"GPL-3",NA,NA,NA,NA,"no","4.2.0"
"rprojroot","rprojroot","/Users/carlos/Documents/IDE3/IDE3/renv/library/R-4.2/aarch64-apple-darwin20","2.0.3",NA,"R (>= 3.0.0)",NA,NA,"covr, knitr, lifecycle, mockr, rmarkdown, testthat (>=
3.0.0), withr",NA,"MIT + file LICENSE",NA,NA,NA,NA,"no","4.2.0"
"rstudioapi","rstudioapi","/Users/carlos/Documents/IDE3/IDE3/renv/library/R-4.2/aarch64-apple-darwin20","0.14",NA,NA,NA,NA,"testthat, knitr, rmarkdown, clipr, covr",NA,"MIT + file LICENSE",NA,NA,NA,NA,"no","4.2.0"
"rvest","rvest","/Users/carlos/Documents/IDE3/IDE3/renv/library/R-4.2/aarch64-apple-darwin20","1.0.3",NA,"R (>= 3.2)","glue, cli, httr (>= 0.5), lifecycle (>= 1.0.0), magrittr,
rlang (>= 1.0.0), selectr, tibble, xml2 (>= 1.3), withr",NA,"covr, knitr, readr, repurrrsive, rmarkdown, spelling, stringi
(>= 0.3.1), testthat (>= 3.0.2), webfakes",NA,"MIT + file LICENSE",NA,NA,NA,NA,"no","4.2.0"
"sass","sass","/Users/carlos/Documents/IDE3/IDE3/renv/library/R-4.2/aarch64-apple-darwin20","0.4.5",NA,NA,"fs, rlang (>= 0.4.10), htmltools (>= 0.5.1), R6, rappdirs",NA,"testthat, knitr, rmarkdown, withr, shiny, curl",NA,"MIT + file LICENSE",NA,NA,NA,NA,"yes","4.2.0"
"scales","scales","/Users/carlos/Documents/IDE3/IDE3/renv/library/R-4.2/aarch64-apple-darwin20","1.2.1",NA,"R (>= 3.2)","farver (>= 2.0.3), labeling, lifecycle, munsell (>= 0.5), R6,
RColorBrewer, rlang (>= 1.0.0), viridisLite",NA,"bit64, covr, dichromat, ggplot2, hms (>= 0.5.0), stringi,
testthat (>= 3.0.0), waldo (>= 0.4.0)",NA,"MIT + file LICENSE",NA,NA,NA,NA,"no","4.2.0"
"selectr","selectr","/Users/carlos/Documents/IDE3/IDE3/renv/library/R-4.2/aarch64-apple-darwin20","0.4-2",NA,"R (>= 3.0)","methods, stringr, R6",NA,"testthat, XML, xml2",NA,"BSD_3_clause + file LICENCE",NA,NA,NA,NA,"no","4.2.0"
"snakecase","snakecase","/Users/carlos/Documents/IDE3/IDE3/renv/library/R-4.2/aarch64-apple-darwin20","0.11.0",NA,"R (>= 3.2)","stringr, stringi",NA,"testthat, covr, tibble, purrrlyr, knitr, rmarkdown, magrittr",NA,"GPL-3",NA,NA,NA,NA,"no","4.2.0"
"stringi","stringi","/Users/carlos/Documents/IDE3/IDE3/renv/library/R-4.2/aarch64-apple-darwin20","1.7.12",NA,"R (>= 3.1)","tools, utils, stats",NA,NA,NA,"file LICENSE","yes",NA,NA,NA,"yes","4.2.0"
"stringr","stringr","/Users/carlos/Documents/IDE3/IDE3/renv/library/R-4.2/aarch64-apple-darwin20","1.5.0",NA,"R (>= 3.3)","cli, glue (>= 1.6.1), lifecycle (>= 1.0.3), magrittr, rlang
(>= 1.0.0), stringi (>= 1.5.3), vctrs",NA,"covr, htmltools, htmlwidgets, knitr, rmarkdown, testthat (>=
3.0.0)",NA,"MIT + file LICENSE",NA,NA,NA,NA,"no","4.2.0"
"styler","styler","/Users/carlos/Documents/IDE3/IDE3/renv/library/R-4.2/aarch64-apple-darwin20","1.9.0",NA,"R (>= 3.5.0)","cli (>= 3.1.1), magrittr (>= 2.0.0), purrr (>= 0.2.3), R.cache
(>= 0.15.0), rlang (>= 0.1.1), rprojroot (>= 1.1), tools, vctrs
(>= 0.4.1), withr (>= 2.3.0),",NA,"data.tree (>= 0.1.6), digest, dplyr, here, knitr, prettycode,
rmarkdown, roxygen2, rstudioapi (>= 0.7), tibble (>= 1.4.2),
testthat (>= 3.0.0)",NA,"MIT + file LICENSE",NA,NA,NA,NA,"no","4.2.0"
"sys","sys","/Users/carlos/Documents/IDE3/IDE3/renv/library/R-4.2/aarch64-apple-darwin20","3.4.1",NA,NA,NA,NA,"unix (>= 1.4), spelling, testthat",NA,"MIT + file LICENSE",NA,NA,NA,NA,"yes","4.2.0"
"tibble","tibble","/Users/carlos/Documents/IDE3/IDE3/renv/library/R-4.2/aarch64-apple-darwin20","3.1.8",NA,"R (>= 3.1.0)","fansi (>= 0.4.0), lifecycle (>= 1.0.0), magrittr, methods,
pillar (>= 1.7.0), pkgconfig, rlang (>= 1.0.2), utils, vctrs
(>= 0.3.8)",NA,"bench, bit64, blob, brio, callr, cli, covr, crayon (>=
1.3.4), DiagrammeR, dplyr, evaluate, formattable, ggplot2, hms,
htmltools, knitr, lubridate, mockr, nycflights13, pkgbuild,
pkgload, purrr, rmarkdown, stringi, testthat (>= 3.0.2), tidyr,
withr",NA,"MIT + file LICENSE",NA,NA,NA,NA,"yes","4.2.0"
"tidyr","tidyr","/Users/carlos/Documents/IDE3/IDE3/renv/library/R-4.2/aarch64-apple-darwin20","1.3.0",NA,"R (>= 3.4.0)","cli (>= 3.4.1), dplyr (>= 1.0.10), glue, lifecycle (>= 1.0.3),
magrittr, purrr (>= 1.0.1), rlang (>= 1.0.4), stringr (>=
1.5.0), tibble (>= 2.1.1), tidyselect (>= 1.2.0), utils, vctrs
(>= 0.5.2)","cpp11 (>= 0.4.0)","covr, data.table, knitr, readr, repurrrsive (>= 1.1.0),
rmarkdown, testthat (>= 3.0.0)",NA,"MIT + file LICENSE",NA,NA,NA,NA,"yes","4.2.0"
"tidyselect","tidyselect","/Users/carlos/Documents/IDE3/IDE3/renv/library/R-4.2/aarch64-apple-darwin20","1.2.0",NA,"R (>= 3.4)","cli (>= 3.3.0), glue (>= 1.3.0), lifecycle (>= 1.0.3), rlang
(>= 1.0.4), vctrs (>= 0.4.1), withr",NA,"covr, crayon, dplyr, knitr, magrittr, rmarkdown, stringr,
testthat (>= 3.1.1), tibble (>= 2.1.3)",NA,"MIT + file LICENSE",NA,NA,NA,NA,"no","4.2.0"
"tidyverse","tidyverse","/Users/carlos/Documents/IDE3/IDE3/renv/library/R-4.2/aarch64-apple-darwin20","1.3.2",NA,"R (>= 3.3)","broom (>= 0.7.10), cli (>= 3.1.0), crayon (>= 1.4.2), dbplyr
(>= 2.1.1), dplyr (>= 1.0.7), dtplyr (>= 1.2.0), forcats (>=
0.5.1), ggplot2 (>= 3.3.5), googledrive (>= 2.0.0),
googlesheets4 (>= 1.0.0), haven (>= 2.4.3), hms (>= 1.1.1),
httr (>= 1.4.2), jsonlite (>= 1.7.2), lubridate (>= 1.8.0),
magrittr (>= 2.0.1), modelr (>= 0.1.8), pillar (>= 1.6.4),
purrr (>= 0.3.4), readr (>= 2.1.1), readxl (>= 1.3.1), reprex
(>= 2.0.1), rlang (>= 0.4.12), rstudioapi (>= 0.13), rvest (>=
1.0.2), stringr (>= 1.4.0), tibble (>= 3.1.6), tidyr (>=
1.1.4), xml2 (>= 1.3.3)",NA,"covr, feather, glue, knitr, rmarkdown, testthat",NA,"MIT + file LICENSE",NA,NA,NA,NA,"no","4.2.0"
"timechange","timechange","/Users/carlos/Documents/IDE3/IDE3/renv/library/R-4.2/aarch64-apple-darwin20","0.2.0",NA,"R (>= 3.3)",NA,"cpp11 (>= 0.2.7)","testthat (>= 0.7.1.99), knitr",NA,"GPL-3",NA,NA,NA,NA,"yes","4.2.0"
"tinytex","tinytex","/Users/carlos/Documents/IDE3/IDE3/renv/library/R-4.2/aarch64-apple-darwin20","0.43",NA,NA,"xfun (>= 0.29)",NA,"testit, rstudioapi",NA,"MIT + file LICENSE",NA,NA,NA,NA,"no","4.2.0"
"tzdb","tzdb","/Users/carlos/Documents/IDE3/IDE3/renv/library/R-4.2/aarch64-apple-darwin20","0.3.0",NA,"R (>= 3.4.0)",NA,"cpp11 (>= 0.4.2)","covr, testthat (>= 3.0.0)",NA,"MIT + file LICENSE",NA,NA,NA,NA,"yes","4.2.0"
"usethis","usethis","/Users/carlos/Documents/IDE3/IDE3/renv/library/R-4.2/aarch64-apple-darwin20","2.1.6",NA,"R (>= 3.4)","cli (>= 3.0.1), clipr (>= 0.3.0), crayon, curl (>= 2.7), desc
(>= 1.4.0), fs (>= 1.3.0), gert (>= 1.4.1), gh (>= 1.2.1), glue
(>= 1.3.0), jsonlite, lifecycle (>= 1.0.0), purrr, rappdirs,
rlang (>= 1.0.0), rprojroot (>= 1.2), rstudioapi, stats, utils,
whisker, withr (>= 2.3.0), yaml",NA,"covr, knitr, magick, mockr, pkgload, rmarkdown, roxygen2 (>=
7.1.2), spelling (>= 1.2), styler (>= 1.2.0), testthat (>=
3.1.0)",NA,"MIT + file LICENSE",NA,NA,NA,NA,"no","4.2.0"
"utf8","utf8","/Users/carlos/Documents/IDE3/IDE3/renv/library/R-4.2/aarch64-apple-darwin20","1.2.2",NA,"R (>= 2.10)",NA,NA,"cli, covr, knitr, rlang, rmarkdown, testthat (>= 3.0.0),
withr",NA,"Apache License (== 2.0) | file LICENSE",NA,NA,NA,NA,"yes","4.2.0"
"uuid","uuid","/Users/carlos/Documents/IDE3/IDE3/renv/library/R-4.2/aarch64-apple-darwin20","1.1-0",NA,"R (>= 2.9.0)",NA,NA,NA,NA,"MIT + file LICENSE",NA,NA,NA,NA,"yes","4.2.0"
"vctrs","vctrs","/Users/carlos/Documents/IDE3/IDE3/renv/library/R-4.2/aarch64-apple-darwin20","0.5.2",NA,"R (>= 3.3)","cli (>= 3.4.0), glue, lifecycle (>= 1.0.3), rlang (>= 1.0.6)",NA,"bit64, covr, crayon, dplyr (>= 0.8.5), generics, knitr,
pillar (>= 1.4.4), pkgdown (>= 2.0.1), rmarkdown, testthat (>=
3.0.0), tibble (>= 3.1.3), withr, xml2, waldo (>= 0.2.0),
zeallot",NA,"MIT + file LICENSE",NA,NA,NA,NA,"yes","4.2.0"
"viridisLite","viridisLite","/Users/carlos/Documents/IDE3/IDE3/renv/library/R-4.2/aarch64-apple-darwin20","0.4.1",NA,"R (>= 2.10)",NA,NA,"hexbin (>= 1.27.0), ggplot2 (>= 1.0.1), testthat, covr",NA,"MIT + file LICENSE",NA,NA,NA,NA,"no","4.2.0"
"vroom","vroom","/Users/carlos/Documents/IDE3/IDE3/renv/library/R-4.2/aarch64-apple-darwin20","1.6.1",NA,"R (>= 3.4)","bit64, cli (>= 3.2.0), crayon, glue, hms, lifecycle (>=
1.0.3), methods, rlang (>= 0.4.2), stats, tibble (>= 2.0.0),
tidyselect, tzdb (>= 0.1.1), vctrs (>= 0.2.0), withr","cpp11 (>= 0.2.0), progress (>= 1.2.1), tzdb (>= 0.1.1)","archive, bench (>= 1.1.0), covr, curl, dplyr, forcats, fs,
ggplot2, knitr, patchwork, prettyunits, purrr, rmarkdown,
rstudioapi, scales, spelling, testthat (>= 2.1.0), tidyr,
utils, waldo, xml2",NA,"MIT + file LICENSE",NA,NA,NA,NA,"yes","4.2.0"
"whisker","whisker","/Users/carlos/Documents/IDE3/IDE3/renv/library/R-4.2/aarch64-apple-darwin20","0.4.1",NA,NA,NA,NA,"markdown",NA,"GPL-3",NA,NA,NA,NA,"no","4.2.0"
"withr","withr","/Users/carlos/Documents/IDE3/IDE3/renv/library/R-4.2/aarch64-apple-darwin20","2.5.0",NA,"R (>= 3.2.0)","graphics, grDevices, stats",NA,"callr, covr, DBI, knitr, lattice, methods, rlang, rmarkdown
(>= 2.12), RSQLite, testthat (>= 3.0.0)",NA,"MIT + file LICENSE",NA,NA,NA,NA,"no","4.2.0"
"xfun","xfun","/Users/carlos/Documents/IDE3/IDE3/renv/library/R-4.2/aarch64-apple-darwin20","0.36",NA,NA,"stats, tools",NA,"testit, parallel, codetools, rstudioapi, tinytex (>= 0.30),
mime, markdown, knitr, htmltools, remotes, pak, rhub, renv,
curl, jsonlite, magick, rmarkdown",NA,"MIT + file LICENSE",NA,NA,NA,NA,"yes","4.2.0"
"xml2","xml2","/Users/carlos/Documents/IDE3/IDE3/renv/library/R-4.2/aarch64-apple-darwin20","1.3.3",NA,"R (>= 3.1.0)","methods",NA,"covr, curl, httr, knitr, magrittr, mockery, rmarkdown,
testthat (>= 2.1.0)",NA,"MIT + file LICENSE",NA,NA,NA,NA,"yes","4.2.0"
"yaml","yaml","/Users/carlos/Documents/IDE3/IDE3/renv/library/R-4.2/aarch64-apple-darwin20","2.3.7",NA,NA,NA,NA,"RUnit",NA,"BSD_3_clause + file LICENSE",NA,NA,NA,NA,"yes","4.2.0"
"zip","zip","/Users/carlos/Documents/IDE3/IDE3/renv/library/R-4.2/aarch64-apple-darwin20","2.2.2",NA,NA,NA,NA,"covr, processx, R6, testthat, withr",NA,"MIT + file LICENSE",NA,NA,NA,NA,"yes","4.2.0"
"base","base","/Users/carlos/Documents/IDE3/IDE3/renv/sandbox/R-4.2/aarch64-apple-darwin20/84ba8b13","4.2.2","base",NA,NA,NA,"methods",NA,"Part of R 4.2.2",NA,NA,NA,NA,NA,"4.2.2"
"boot","boot","/Users/carlos/Documents/IDE3/IDE3/renv/sandbox/R-4.2/aarch64-apple-darwin20/84ba8b13","1.3-28.1","recommended","R (>= 3.0.0), graphics, stats",NA,NA,"MASS, survival",NA,"Unlimited",NA,NA,NA,NA,"no","4.2.0"
"class","class","/Users/carlos/Documents/IDE3/IDE3/renv/sandbox/R-4.2/aarch64-apple-darwin20/84ba8b13","7.3-21","recommended","R (>= 3.0.0), stats, utils","MASS",NA,NA,NA,"GPL-2 | GPL-3",NA,NA,NA,NA,"yes","4.2.0"
"cluster","cluster","/Users/carlos/Documents/IDE3/IDE3/renv/sandbox/R-4.2/aarch64-apple-darwin20/84ba8b13","2.1.4","recommended","R (>= 3.5.0)","graphics, grDevices, stats, utils",NA,"MASS, Matrix",NA,"GPL (>= 2)",NA,NA,NA,NA,"yes","4.2.2"
"codetools","codetools","/Users/carlos/Documents/IDE3/IDE3/renv/sandbox/R-4.2/aarch64-apple-darwin20/84ba8b13","0.2-18","recommended","R (>= 2.1)",NA,NA,NA,NA,"GPL",NA,NA,NA,NA,"no","4.2.2"
"compiler","compiler","/Users/carlos/Documents/IDE3/IDE3/renv/sandbox/R-4.2/aarch64-apple-darwin20/84ba8b13","4.2.2","base",NA,NA,NA,NA,NA,"Part of R 4.2.2",NA,NA,NA,NA,NA,"4.2.2"
"datasets","datasets","/Users/carlos/Documents/IDE3/IDE3/renv/sandbox/R-4.2/aarch64-apple-darwin20/84ba8b13","4.2.2","base",NA,NA,NA,NA,NA,"Part of R 4.2.2",NA,NA,NA,NA,NA,"4.2.2"
"foreign","foreign","/Users/carlos/Documents/IDE3/IDE3/renv/sandbox/R-4.2/aarch64-apple-darwin20/84ba8b13","0.8-84","recommended","R (>= 4.0.0)","methods, utils, stats",NA,NA,NA,"GPL (>= 2)",NA,NA,NA,NA,"yes","4.2.0"
"graphics","graphics","/Users/carlos/Documents/IDE3/IDE3/renv/sandbox/R-4.2/aarch64-apple-darwin20/84ba8b13","4.2.2","base",NA,"grDevices",NA,NA,NA,"Part of R 4.2.2",NA,NA,NA,NA,"yes","4.2.2"
"grDevices","grDevices","/Users/carlos/Documents/IDE3/IDE3/renv/sandbox/R-4.2/aarch64-apple-darwin20/84ba8b13","4.2.2","base",NA,NA,NA,"KernSmooth",NA,"Part of R 4.2.2",NA,NA,NA,NA,"yes","4.2.2"
"grid","grid","/Users/carlos/Documents/IDE3/IDE3/renv/sandbox/R-4.2/aarch64-apple-darwin20/84ba8b13","4.2.2","base",NA,"grDevices, utils",NA,NA,NA,"Part of R 4.2.2",NA,NA,NA,NA,"yes","4.2.2"
"KernSmooth","KernSmooth","/Users/carlos/Documents/IDE3/IDE3/renv/sandbox/R-4.2/aarch64-apple-darwin20/84ba8b13","2.23-20","recommended","R (>= 2.5.0), stats",NA,NA,"MASS, carData",NA,"Unlimited",NA,NA,NA,NA,"yes","4.2.0"
"lattice","lattice","/Users/carlos/Documents/IDE3/IDE3/renv/sandbox/R-4.2/aarch64-apple-darwin20/84ba8b13","0.20-45","recommended","R (>= 3.0.0)","grid, grDevices, graphics, stats, utils",NA,"KernSmooth, MASS, latticeExtra","chron","GPL (>= 2)",NA,NA,NA,NA,"yes","4.2.2"
"MASS","MASS","/Users/carlos/Documents/IDE3/IDE3/renv/sandbox/R-4.2/aarch64-apple-darwin20/84ba8b13","7.3-58.2","recommended","R (>= 3.3.0), grDevices, graphics, stats, utils","methods",NA,"lattice, nlme, nnet, survival",NA,"GPL-2 | GPL-3",NA,NA,NA,NA,"yes","4.2.0"
"Matrix","Matrix","/Users/carlos/Documents/IDE3/IDE3/renv/sandbox/R-4.2/aarch64-apple-darwin20/84ba8b13","1.5-3","recommended","R (>= 3.5.0), methods","graphics, grid, lattice, stats, utils",NA,"expm, MASS","MatrixModels, graph, SparseM, sfsmisc, igraph, maptools, sp,
spdep","GPL (>= 2) | file LICENCE",NA,NA,NA,NA,"yes","4.2.0"
"methods","methods","/Users/carlos/Documents/IDE3/IDE3/renv/sandbox/R-4.2/aarch64-apple-darwin20/84ba8b13","4.2.2","base",NA,"utils, stats",NA,"codetools",NA,"Part of R 4.2.2",NA,NA,NA,NA,"yes","4.2.2"
"mgcv","mgcv","/Users/carlos/Documents/IDE3/IDE3/renv/sandbox/R-4.2/aarch64-apple-darwin20/84ba8b13","1.8-41","recommended","R (>= 3.6.0), nlme (>= 3.1-64)","methods, stats, graphics, Matrix, splines, utils",NA,"parallel, survival, MASS",NA,"GPL (>= 2)",NA,NA,NA,NA,"yes","4.2.2"
"nlme","nlme","/Users/carlos/Documents/IDE3/IDE3/renv/sandbox/R-4.2/aarch64-apple-darwin20/84ba8b13","3.1-161","recommended","R (>= 3.5.0)","graphics, stats, utils, lattice",NA,"Hmisc, MASS, SASmixed",NA,"GPL (>= 2)",NA,NA,NA,NA,"yes","4.2.0"
"nnet","nnet","/Users/carlos/Documents/IDE3/IDE3/renv/sandbox/R-4.2/aarch64-apple-darwin20/84ba8b13","7.3-18","recommended","R (>= 3.0.0), stats, utils",NA,NA,"MASS",NA,"GPL-2 | GPL-3",NA,NA,NA,NA,"yes","4.2.2"
"parallel","parallel","/Users/carlos/Documents/IDE3/IDE3/renv/sandbox/R-4.2/aarch64-apple-darwin20/84ba8b13","4.2.2","base",NA,"tools, compiler",NA,"methods","snow, nws, Rmpi","Part of R 4.2.2",NA,NA,NA,NA,"yes","4.2.2"
"rpart","rpart","/Users/carlos/Documents/IDE3/IDE3/renv/sandbox/R-4.2/aarch64-apple-darwin20/84ba8b13","4.1.19","recommended","R (>= 2.15.0), graphics, stats, grDevices",NA,NA,"survival",NA,"GPL-2 | GPL-3",NA,NA,NA,NA,"yes","4.2.2"
"spatial","spatial","/Users/carlos/Documents/IDE3/IDE3/renv/sandbox/R-4.2/aarch64-apple-darwin20/84ba8b13","7.3-16","recommended","R (>= 3.0.0), graphics, stats, utils",NA,NA,"MASS",NA,"GPL-2 | GPL-3",NA,NA,NA,NA,"yes","4.2.0"
"splines","splines","/Users/carlos/Documents/IDE3/IDE3/renv/sandbox/R-4.2/aarch64-apple-darwin20/84ba8b13","4.2.2","base",NA,"graphics, stats",NA,"Matrix, methods",NA,"Part of R 4.2.2",NA,NA,NA,NA,"yes","4.2.2"
"stats","stats","/Users/carlos/Documents/IDE3/IDE3/renv/sandbox/R-4.2/aarch64-apple-darwin20/84ba8b13","4.2.2","base",NA,"utils, grDevices, graphics",NA,"MASS, Matrix, SuppDists, methods, stats4",NA,"Part of R 4.2.2",NA,NA,NA,NA,"yes","4.2.2"
"stats4","stats4","/Users/carlos/Documents/IDE3/IDE3/renv/sandbox/R-4.2/aarch64-apple-darwin20/84ba8b13","4.2.2","base",NA,"graphics, methods, stats",NA,NA,NA,"Part of R 4.2.2",NA,NA,NA,NA,NA,"4.2.2"
"survival","survival","/Users/carlos/Documents/IDE3/IDE3/renv/sandbox/R-4.2/aarch64-apple-darwin20/84ba8b13","3.5-0","recommended","R (>= 3.5.0)","graphics, Matrix, methods, splines, stats, utils",NA,NA,NA,"LGPL (>= 2)",NA,NA,NA,NA,"yes","4.2.0"
"tcltk","tcltk","/Users/carlos/Documents/IDE3/IDE3/renv/sandbox/R-4.2/aarch64-apple-darwin20/84ba8b13","4.2.2","base",NA,"utils",NA,NA,NA,"Part of R 4.2.2",NA,NA,NA,NA,"yes","4.2.2"
"tools","tools","/Users/carlos/Documents/IDE3/IDE3/renv/sandbox/R-4.2/aarch64-apple-darwin20/84ba8b13","4.2.2","base",NA,NA,NA,"codetools, methods, xml2, curl, commonmark, knitr, xfun, mathjaxr",NA,"Part of R 4.2.2",NA,NA,NA,NA,"yes","4.2.2"
"utils","utils","/Users/carlos/Documents/IDE3/IDE3/renv/sandbox/R-4.2/aarch64-apple-darwin20/84ba8b13","4.2.2","base",NA,NA,NA,"methods, xml2, commonmark, knitr",NA,"Part of R 4.2.2",NA,NA,NA,NA,"yes","4.2.2"
